SET SQL_MODE = "NO_AUTO_VALUE_ON_ZERO";
START TRANSACTION;
SET time_zone = "+00:00";

/*!40101 SET @OLD_CHARACTER_SET_CLIENT=@@CHARACTER_SET_CLIENT */;
/*!40101 SET @OLD_CHARACTER_SET_RESULTS=@@CHARACTER_SET_RESULTS */;
/*!40101 SET @OLD_COLLATION_CONNECTION=@@COLLATION_CONNECTION */;
/*!40101 SET NAMES utf8mb4 */;

CREATE DATABASE IF NOT EXISTS `db_desis_test` DEFAULT CHARACTER SET utf8mb4 COLLATE utf8mb4_general_ci;
USE `db_desis_test`;

CREATE TABLE `candidatos` (
  `id_candidato` int(11) NOT NULL,
  `nombre_candidato` varchar(200) NOT NULL
) ENGINE=InnoDB DEFAULT CHARSET=utf8mb4 COLLATE=utf8mb4_general_ci;

INSERT INTO `candidatos` (`id_candidato`, `nombre_candidato`) VALUES
(1, 'Santa Claus'),
(2, 'Papá Noel'),
(3, 'San Nicolás'),
(4, 'Viejito Pascuero');

CREATE TABLE `comunas` (
  `id_comuna` int(11) NOT NULL,
  `id_provincia` int(11) NOT NULL,
  `nombre_comuna` varchar(200) NOT NULL
) ENGINE=MyISAM DEFAULT CHARSET=utf8 COLLATE=utf8_general_ci;

INSERT INTO `comunas` (`id_comuna`, `id_provincia`, `nombre_comuna`) VALUES
(1, 1, 'Arica'),
(2, 1, 'Camarones'),
(3, 2, 'General Lagos'),
(4, 2, 'Putre'),
(5, 3, 'Alto Hospicio'),
(6, 3, 'Iquique'),
(7, 4, 'Camiña'),
(8, 4, 'Colchane'),
(9, 4, 'Huara'),
(10, 4, 'Pica'),
(11, 4, 'Pozo Almonte'),
(12, 5, 'Tocopilla'),
(13, 5, 'María Elena'),
(14, 6, 'Calama'),
(15, 6, 'Ollague'),
(16, 6, 'San Pedro de Atacama'),
(17, 7, 'Antofagasta'),
(18, 7, 'Mejillones'),
(19, 7, 'Sierra Gorda'),
(20, 7, 'Taltal'),
(21, 8, 'Chañaral'),
(22, 8, 'Diego de Almagro'),
(23, 9, 'Copiapó'),
(24, 9, 'Caldera'),
(25, 9, 'Tierra Amarilla'),
(26, 10, 'Vallenar'),
(27, 10, 'Alto del Carmen'),
(28, 10, 'Freirina'),
(29, 10, 'Huasco'),
(30, 11, 'La Serena'),
(31, 11, 'Coquimbo'),
(32, 11, 'Andacollo'),
(33, 11, 'La Higuera'),
(34, 11, 'Paihuano'),
(35, 11, 'Vicuña'),
(36, 12, 'Ovalle'),
(37, 12, 'Combarbalá'),
(38, 12, 'Monte Patria'),
(39, 12, 'Punitaqui'),
(40, 12, 'Río Hurtado'),
(41, 13, 'Illapel'),
(42, 13, 'Canela'),
(43, 13, 'Los Vilos'),
(44, 13, 'Salamanca'),
(45, 14, 'La Ligua'),
(46, 14, 'Cabildo'),
(47, 14, 'Zapallar'),
(48, 14, 'Papudo'),
(49, 14, 'Petorca'),
(50, 15, 'Los Andes'),
(51, 15, 'San Esteban'),
(52, 15, 'Calle Larga'),
(53, 15, 'Rinconada'),
(54, 16, 'San Felipe'),
(55, 16, 'Llaillay'),
(56, 16, 'Putaendo'),
(57, 16, 'Santa María'),
(58, 16, 'Catemu'),
(59, 16, 'Panquehue'),
(60, 17, 'Quillota'),
(61, 17, 'La Cruz'),
(62, 17, 'La Calera'),
(63, 17, 'Nogales'),
(64, 17, 'Hijuelas'),
(65, 18, 'Valparaíso'),
(66, 18, 'Viña del Mar'),
(67, 18, 'Concón'),
(68, 18, 'Quintero'),
(69, 18, 'Puchuncaví'),
(70, 18, 'Casablanca'),
(71, 18, 'Juan Fernández'),
(72, 19, 'San Antonio'),
(73, 19, 'Cartagena'),
(74, 19, 'El Tabo'),
(75, 19, 'El Quisco'),
(76, 19, 'Algarrobo'),
(77, 19, 'Santo Domingo'),
(78, 20, 'Isla de Pascua'),
(79, 21, 'Quilpué'),
(80, 21, 'Limache'),
(81, 21, 'Olmué'),
(82, 21, 'Villa Alemana'),
(83, 22, 'Colina'),
(84, 22, 'Lampa'),
(85, 22, 'Tiltil'),
(86, 23, 'Santiago'),
(87, 23, 'Vitacura'),
(88, 23, 'San Ramón'),
(89, 23, 'San Miguel'),
(90, 23, 'San Joaquín'),
(91, 23, 'Renca'),
(92, 23, 'Recoleta'),
(93, 23, 'Quinta Normal'),
(94, 23, 'Quilicura'),
(95, 23, 'Pudahuel'),
(96, 23, 'Providencia'),
(97, 23, 'Peñalolén'),
(98, 23, 'Pedro Aguirre Cerda'),
(99, 23, 'Ñuñoa'),
(100, 23, 'Maipú'),
(101, 23, 'Macul'),
(102, 23, 'Lo Prado'),
(103, 23, 'Lo Espejo'),
(104, 23, 'Lo Barnechea'),
(105, 23, 'Las Condes'),
(106, 23, 'La Reina'),
(107, 23, 'La Pintana'),
(108, 23, 'La Granja'),
(109, 23, 'La Florida'),
(110, 23, 'La Cisterna'),
(111, 23, 'Independencia'),
(112, 23, 'Huechuraba'),
(113, 23, 'Estación Central'),
(114, 23, 'El Bosque'),
(115, 23, 'Conchalí'),
(116, 23, 'Cerro Navia'),
(117, 23, 'Cerrillos'),
(118, 24, 'Puente Alto'),
(119, 24, 'San José de Maipo'),
(120, 24, 'Pirque'),
(121, 25, 'San Bernardo'),
(122, 25, 'Buin'),
(123, 25, 'Paine'),
(124, 25, 'Calera de Tango'),
(125, 26, 'Melipilla'),
(126, 26, 'Alhué'),
(127, 26, 'Curacaví'),
(128, 26, 'María Pinto'),
(129, 26, 'San Pedro'),
(130, 27, 'Isla de Maipo'),
(131, 27, 'El Monte'),
(132, 27, 'Padre Hurtado'),
(133, 27, 'Peñaflor'),
(134, 27, 'Talagante'),
(135, 28, 'Codegua'),
(136, 28, 'Coínco'),
(137, 28, 'Coltauco'),
(138, 28, 'Doñihue'),
(139, 28, 'Graneros'),
(140, 28, 'Las Cabras'),
(141, 28, 'Machalí'),
(142, 28, 'Malloa'),
(143, 28, 'Mostazal'),
(144, 28, 'Olivar'),
(145, 28, 'Peumo'),
(146, 28, 'Pichidegua'),
(147, 28, 'Quinta de Tilcoco'),
(148, 28, 'Rancagua'),
(149, 28, 'Rengo'),
(150, 28, 'Requínoa'),
(151, 28, 'San Vicente de Tagua Tagua'),
(152, 29, 'Chépica'),
(153, 29, 'Chimbarongo'),
(154, 29, 'Lolol'),
(155, 29, 'Nancagua'),
(156, 29, 'Palmilla'),
(157, 29, 'Peralillo'),
(158, 29, 'Placilla'),
(159, 29, 'Pumanque'),
(160, 29, 'San Fernando'),
(161, 29, 'Santa Cruz'),
(162, 30, 'La Estrella'),
(163, 30, 'Litueche'),
(164, 30, 'Marchigüe'),
(165, 30, 'Navidad'),
(166, 30, 'Paredones'),
(167, 30, 'Pichilemu'),
(168, 31, 'Curicó'),
(169, 31, 'Hualañé'),
(170, 31, 'Licantén'),
(171, 31, 'Molina'),
(172, 31, 'Rauco'),
(173, 31, 'Romeral'),
(174, 31, 'Sagrada Familia'),
(175, 31, 'Teno'),
(176, 31, 'Vichuquén'),
(177, 32, 'Talca'),
(178, 32, 'San Clemente'),
(179, 32, 'Pelarco'),
(180, 32, 'Pencahue'),
(181, 32, 'Maule'),
(182, 32, 'San Rafael'),
(183, 33, 'Curepto'),
(184, 32, 'Constitución'),
(185, 32, 'Empedrado'),
(186, 32, 'Río Claro'),
(187, 33, 'Linares'),
(188, 33, 'San Javier'),
(189, 33, 'Parral'),
(190, 33, 'Villa Alegre'),
(191, 33, 'Longaví'),
(192, 33, 'Colbún'),
(193, 33, 'Retiro'),
(194, 33, 'Yerbas Buenas'),
(195, 34, 'Cauquenes'),
(196, 34, 'Chanco'),
(197, 34, 'Pelluhue'),
(198, 35, 'Bulnes'),
(199, 35, 'Chillán'),
(200, 35, 'Chillán Viejo'),
(201, 35, 'El Carmen'),
(202, 35, 'Pemuco'),
(203, 35, 'Pinto'),
(204, 35, 'Quillón'),
(205, 35, 'San Ignacio'),
(206, 35, 'Yungay'),
(207, 36, 'Cobquecura'),
(208, 36, 'Coelemu'),
(209, 36, 'Ninhue'),
(210, 36, 'Portezuelo'),
(211, 36, 'Quirihue'),
(212, 36, 'Ránquil'),
(213, 36, 'Treguaco'),
(214, 37, 'San Carlos'),
(215, 37, 'Coihueco'),
(216, 37, 'San Nicolás'),
(217, 37, 'Ñiquén'),
(218, 37, 'San Fabián'),
(219, 38, 'Alto Biobío'),
(220, 38, 'Antuco'),
(221, 38, 'Cabrero'),
(222, 38, 'Laja'),
(223, 38, 'Los Ángeles'),
(224, 38, 'Mulchén'),
(225, 38, 'Nacimiento'),
(226, 38, 'Negrete'),
(227, 38, 'Quilaco'),
(228, 38, 'Quilleco'),
(229, 38, 'San Rosendo'),
(230, 38, 'Santa Bárbara'),
(231, 38, 'Tucapel'),
(232, 38, 'Yumbel'),
(233, 39, 'Concepción'),
(234, 39, 'Coronel'),
(235, 39, 'Chiguayante'),
(236, 39, 'Florida'),
(237, 39, 'Hualpén'),
(238, 39, 'Hualqui'),
(239, 39, 'Lota'),
(240, 39, 'Penco'),
(241, 39, 'San Pedro de La Paz'),
(242, 39, 'Santa Juana'),
(243, 39, 'Talcahuano'),
(244, 39, 'Tomé'),
(245, 40, 'Arauco'),
(246, 40, 'Cañete'),
(247, 40, 'Contulmo'),
(248, 40, 'Curanilahue'),
(249, 40, 'Lebu'),
(250, 40, 'Los Álamos'),
(251, 40, 'Tirúa'),
(252, 41, 'Angol'),
(253, 41, 'Collipulli'),
(254, 41, 'Curacautín'),
(255, 41, 'Ercilla'),
(256, 41, 'Lonquimay'),
(257, 41, 'Los Sauces'),
(258, 41, 'Lumaco'),
(259, 41, 'Purén'),
(260, 41, 'Renaico'),
(261, 41, 'Traiguén'),
(262, 41, 'Victoria'),
(263, 42, 'Temuco'),
(264, 42, 'Carahue'),
(265, 42, 'Cholchol'),
(266, 42, 'Cunco'),
(267, 42, 'Curarrehue'),
(268, 42, 'Freire'),
(269, 42, 'Galvarino'),
(270, 42, 'Gorbea'),
(271, 42, 'Lautaro'),
(272, 42, 'Loncoche'),
(273, 42, 'Melipeuco'),
(274, 42, 'Nueva Imperial'),
(275, 42, 'Padre Las Casas'),
(276, 42, 'Perquenco'),
(277, 42, 'Pitrufquén'),
(278, 42, 'Pucón'),
(279, 42, 'Saavedra'),
(280, 42, 'Teodoro Schmidt'),
(281, 42, 'Toltén'),
(282, 42, 'Vilcún'),
(283, 42, 'Villarrica'),
(284, 43, 'Valdivia'),
(285, 43, 'Corral'),
(286, 43, 'Lanco'),
(287, 43, 'Los Lagos'),
(288, 43, 'Máfil'),
(289, 43, 'Mariquina'),
(290, 43, 'Paillaco'),
(291, 43, 'Panguipulli'),
(292, 44, 'La Unión'),
(293, 44, 'Futrono'),
(294, 44, 'Lago Ranco'),
(295, 44, 'Río Bueno'),
(296, 45, 'Osorno'),
(297, 45, 'Puerto Octay'),
(298, 45, 'Purranque'),
(299, 45, 'Puyehue'),
(300, 45, 'Río Negro'),
(301, 45, 'San Juan de la Costa'),
(302, 45, 'San Pablo'),
(303, 46, 'Calbuco'),
(304, 46, 'Cochamó'),
(305, 46, 'Fresia'),
(306, 46, 'Frutillar'),
(307, 46, 'Llanquihue'),
(308, 46, 'Los Muermos'),
(309, 46, 'Maullín'),
(310, 46, 'Puerto Montt'),
(311, 46, 'Puerto Varas'),
(312, 47, 'Ancud'),
(313, 47, 'Castro'),
(314, 47, 'Chonchi'),
(315, 47, 'Curaco de Vélez'),
(316, 47, 'Dalcahue'),
(317, 47, 'Puqueldón'),
(318, 47, 'Queilén'),
(319, 47, 'Quellón'),
(320, 47, 'Quemchi'),
(321, 47, 'Quinchao'),
(322, 48, 'Chaitén'),
(323, 48, 'Futaleufú'),
(324, 48, 'Hualaihué'),
(325, 48, 'Palena'),
(326, 49, 'Lago Verde'),
(327, 49, 'Coihaique'),
(328, 50, 'Aysén'),
(329, 50, 'Cisnes'),
(330, 50, 'Guaitecas'),
(331, 51, 'Río Ibáñez'),
(332, 51, 'Chile Chico'),
(333, 52, 'Cochrane'),
(334, 52, 'O\'Higgins'),
(335, 52, 'Tortel'),
(336, 53, 'Natales'),
(337, 53, 'Torres del Paine'),
(338, 54, 'Laguna Blanca'),
(339, 54, 'Punta Arenas'),
(340, 54, 'Río Verde'),
(341, 54, 'San Gregorio'),
(342, 55, 'Porvenir'),
(343, 55, 'Primavera'),
(344, 55, 'Timaukel'),
(345, 56, 'Cabo de Hornos'),
(346, 56, 'Antártica');

CREATE TABLE `provincias` (
  `id_provincia` int(11) NOT NULL,
  `id_region` int(11) NOT NULL,
  `nombre_provincia` varchar(200) NOT NULL
) ENGINE=MyISAM DEFAULT CHARSET=utf8 COLLATE=utf8_general_ci;

INSERT INTO `provincias` (`id_provincia`, `id_region`, `nombre_provincia`) VALUES
(1, 1, 'Arica'),
(2, 1, 'Parinacota'),
(3, 2, 'Iquique'),
(4, 2, 'El Tamarugal'),
(5, 3, 'Tocopilla'),
(6, 3, 'El Loa'),
(7, 3, 'Antofagasta'),
(8, 4, 'Chañaral'),
(9, 4, 'Copiapó'),
(10, 4, 'Huasco'),
(11, 5, 'Elqui'),
(12, 5, 'Limarí'),
(13, 5, 'Choapa'),
(14, 6, 'Petorca'),
(15, 6, 'Los Andes'),
(16, 6, 'San Felipe de Aconcagua'),
(17, 6, 'Quillota'),
(18, 6, 'Valparaiso'),
(19, 6, 'San Antonio'),
(20, 6, 'Isla de Pascua'),
(21, 6, 'Marga Marga'),
(22, 7, 'Chacabuco'),
(23, 7, 'Santiago'),
(24, 7, 'Cordillera'),
(25, 7, 'Maipo'),
(26, 7, 'Melipilla'),
(27, 7, 'Talagante'),
(28, 8, 'Cachapoal'),
(29, 8, 'Colchagua'),
(30, 8, 'Cardenal Caro'),
(31, 9, 'Curicó'),
(32, 9, 'Talca'),
(33, 9, 'Linares'),
(34, 9, 'Cauquenes'),
(35, 10, 'Diguillín'),
(36, 10, 'Itata'),
(37, 10, 'Punilla'),
(38, 11, 'Bio Bío'),
(39, 11, 'Concepción'),
(40, 11, 'Arauco'),
(41, 12, 'Malleco'),
(42, 12, 'Cautín'),
(43, 13, 'Valdivia'),
(44, 13, 'Ranco'),
(45, 14, 'Osorno'),
(46, 14, 'Llanquihue'),
(47, 14, 'Chiloé'),
(48, 14, 'Palena'),
(49, 15, 'Coyhaique'),
(50, 15, 'Aysén'),
(51, 15, 'General Carrera'),
(52, 15, 'Capitán Prat'),
(53, 16, 'Última Esperanza'),
(54, 16, 'Magallanes'),
(55, 16, 'Tierra del Fuego'),
(56, 16, 'Antártica Chilena');

CREATE TABLE `regiones` (
  `id_region` int(11) NOT NULL,
  `nombre_region` varchar(64) NOT NULL
) ENGINE=MyISAM DEFAULT CHARSET=utf8 COLLATE=utf8_general_ci;

INSERT INTO `regiones` (`id_region`, `nombre_region`) VALUES
(1, 'Arica y Parinacota'),
(2, 'Tarapacá'),
(3, 'Antofagasta'),
(4, 'Atacama'),
(5, 'Coquimbo'),
(6, 'Valparaiso'),
(7, 'Metropolitana de Santiago'),
(8, 'Libertador General Bernardo O\'Higgins'),
(9, 'Maule'),
(10, 'Ñuble'),
(11, 'Biobío'),
(12, 'La Araucanía'),
(13, 'Los Ríos'),
(14, 'Los Lagos'),
(15, 'Aysén del General Carlos Ibáñez del Campo'),
(16, 'Magallanes y de la Antártica Chilena');

CREATE TABLE `votantes` (
  `rut_votante` varchar(15) NOT NULL,
  `nombre_votante` varchar(200) NOT NULL,
  `alias_votante` varchar(200) NOT NULL,
  `email_votante` varchar(340) NOT NULL,
  `id_comuna` int(11) NOT NULL,
  `web_votante` bit(1) NOT NULL,
  `tv_votante` bit(1) NOT NULL,
  `rs_votante` bit(1) NOT NULL,
  `amigo_votante` bit(1) NOT NULL
) ENGINE=InnoDB DEFAULT CHARSET=utf8mb4 COLLATE=utf8mb4_general_ci;

CREATE TABLE `votos` (
  `rut_votante` varchar(15) NOT NULL,
  `id_candidato` int(11) NOT NULL,
  `fecha_voto` datetime NOT NULL DEFAULT current_timestamp()
) ENGINE=InnoDB DEFAULT CHARSET=utf8mb4 COLLATE=utf8mb4_general_ci;


ALTER TABLE `candidatos`
  ADD PRIMARY KEY (`id_candidato`);

ALTER TABLE `comunas`
  ADD PRIMARY KEY (`id_comuna`);

ALTER TABLE `provincias`
  ADD PRIMARY KEY (`id_provincia`);

ALTER TABLE `regiones`
  ADD PRIMARY KEY (`id_region`);

ALTER TABLE `votantes`
  ADD PRIMARY KEY (`rut_votante`);

ALTER TABLE `votos`
  ADD PRIMARY KEY (`rut_votante`,`id_candidato`);


ALTER TABLE `candidatos`
  MODIFY `id_candidato` int(11) NOT NULL AUTO_INCREMENT, AUTO_INCREMENT=5;

ALTER TABLE `comunas`
  MODIFY `id_comuna` int(11) NOT NULL AUTO_INCREMENT, AUTO_INCREMENT=347;

ALTER TABLE `provincias`
  MODIFY `id_provincia` int(11) NOT NULL AUTO_INCREMENT, AUTO_INCREMENT=57;

ALTER TABLE `regiones`
  MODIFY `id_region` int(11) NOT NULL AUTO_INCREMENT, AUTO_INCREMENT=17;


ALTER TABLE `votos`
  ADD CONSTRAINT `votos_ibfk_1` FOREIGN KEY (`rut_votante`) REFERENCES `votantes` (`rut_votante`);
COMMIT;

/*!40101 SET CHARACTER_SET_CLIENT=@OLD_CHARACTER_SET_CLIENT */;
/*!40101 SET CHARACTER_SET_RESULTS=@OLD_CHARACTER_SET_RESULTS */;
/*!40101 SET COLLATION_CONNECTION=@OLD_COLLATION_CONNECTION */;

GRANT USAGE ON *.* TO `desis`@`%` IDENTIFIED BY PASSWORD '*C7626E9D09064223CD8DD358A718D05868A6AF23';

GRANT ALL PRIVILEGES ON `db\_desis\_test`.* TO `desis`@`%`;